Line,Avg_Delay,Total_Delay,Incident_Count
08,22.0,22,1
09 BELLAMY,92.0,92,1
1 LINE SHUTTLE,3.3333333333333335,10,3
1 SHUTTLE,1.4,7,5
1 SHUTTLE BUS,0.0,0,1
10 VAN HORNE,26.0,468,18
100,3.0,6,2
100 FLEMINGDON PARK,8.8283378746594,6480,734
100 FLEMINGDON PARK (6,5.0,10,2
101 DOWNSVIEW PARK,47.11504424778761,5324,113
102,30.0,30,1
102 MARKHAM RD,10.0,10,1
102 MARKHAM ROAD,20.365723029839327,26618,1307
102 MARKHAM ROAD (D-BR,25.0,25,1
102 MARKHAM ROAD (RAD,0.0,0,1
102D MARKHAM ROAD,97.66666666666667,293,3
103 MT. PLEASANT NORTH,41.65,833,20
104 FAYWOOD,47.32258064516129,7335,155
105 DUFFERIN NORTH,18.424836601307188,2819,153
106 SENTIAL,15.0,15,1
106 SENTINEL,23.513812154696133,4256,181
107 YORK UNIVERSITY HE,59.414965986394556,8734,147
108 DRIFTWOOD,25.85164835164835,9410,364
109 RANEE,33.76548672566372,7631,226
109 RANEE - B BRANCH,0.0,0,1
11 BAYVIEW,24.297157622739018,9403,387
110 ISLINGTON SOUTH,27.3625,10945,400
111,12.0,12,1
111 EAST MALL,14.292,3573,250
112 WEST MALL,25.481865284974095,9836,386
113 DANFORTH,23.932692307692307,4978,208
114,12.0,12,1
114 QUEENS QUAY EAST,14.428571428571429,4141,287
115 SILVER HILLS,63.55,1271,20
116,7.0,7,1
116 MORNINGSIDE,12.016798418972332,12161,1012
117 ALNESS-CHESSWOOD,35.6,356,10
117 BIRCHMOUNT SOUTH,75.93939393939394,2506,33
118 THISTLE DOWN,35.395348837209305,6088,172
119 TORBARRIE,38.42424242424242,3804,99
12 KINGSTON ROAD,27.41117764471058,13733,501
120 CALVINGTON,30.580357142857142,3425,112
1202,23.0,46,2
121 ESPLANADE-RIVER,40.42801556420233,10390,257
122 GRAYDON HALL,20.301754385964912,5786,285
123 SHERWAY,22.90358744394619,10215,446
123 SHERWAY (RAD),0.0,0,1
123 SHERWAY - F,22.0,22,1
123C SHERWAY,30.0,30,1
124,17.0,17,1
124 SUNNYBROOK,16.012048192771083,2658,166
125 DREWRY,10.330708661417322,1312,127
126 CHRISTIE,40.66379310344828,4717,116
127 DAVENPORT,55.104166666666664,7935,144
128 STANLEY GREENE,26.357142857142858,1107,42
129 MCCOWAN NORTH,28.24013157894737,17170,608
129 MCCOWAN NORTH (A-B,61.0,61,1
13 AVENUE ROAD,60.63636363636363,10672,176
130 MIDDLEFIELD,27.067193675889328,6848,253
130 NEILSON,0.0,0,1
131,119.0,119,1
131 NUGGET,20.65644171779141,10101,489
132 MILNER,25.028985507246375,1727,69
133,12.0,12,1
133 NEILSON,18.919282511210763,12657,669
134,7.5,15,2
134 PROGRESS,33.82636655948553,10520,311
135 GERRARD,35.45794392523364,3794,107
14,22.0,22,1
14 GLENCAIRN,44.29665071770335,9258,209
14 GLENCAIRN / 28 BAYV,30.0,30,1
14 GLENCAIRN/ 28,30.0,30,1
147,19.0,19,1
149,23.363636363636363,257,11
149 - ETOBICOKE-BLOOR,25.0,25,1
149 ETOBICOKE,30.0,30,1
149 ETOBICOKE - BLOOR,25.833333333333332,155,6
149 ETOBICOKE BLOOR,23.88888888888889,215,9
149 ETOBICOKE- BLOOR,30.0,30,1
149 ETOBICOKE-BLOOR,24.746268656716417,3316,134
15 EVANS,25.974789915966387,3091,119
154 CURRAN HALL,33.75396825396825,8506,252
16 MCCOWAN,15.069444444444445,5425,360
160 BATHURST NORTH,34.7986798679868,10544,303
161 ROGERS ROAD,32.28212290502793,11557,358
162,557.0,557,1
162 LAWRENCE-DONWAY,113.6,14768,130
164 CASTELFIELD,25.0,25,1
164 CASTLEFIELD,32.0,1376,43
165,20.0,20,1
165 WESTON ROAD NORTH,13.276154571159283,14086,1061
166,18.75,75,4
166 TORYORK,24.5,147,6
167 PHARMACY NORTH,42.241379310344826,3675,87
168 SYMINGTON,23.3375,7468,320
169 HUNTINGWOOD,30.84375,5922,192
17 BIRCHMOUNT,24.6625,7892,320
171 MOUNT DENNIS,0.0,0,1
171 MT. DENNIS,30.75,1107,36
184 ANCASTER PARK,45.666666666666664,685,15
185 SHEPPARD CENTRAL,23.551020408163264,3462,147
189 STOCKYARDS,34.26829268292683,1405,41
19 BAY,47.34426229508197,11552,244
191 UNDERHILL,25.96,649,25
20 CLIFFSIDE,26.927756653992397,7082,263
200,0.0,0,1
200 TORONTO ZOO,18.636363636363637,205,11
201 BLUFFER'S PARK,19.862068965517242,576,29
202 CHERRY BEACH,23.594202898550726,1628,69
203,20.0,20,1
203 HIGH PARK,10.0,10,1
21 BRIMLEY,23.573684210526316,8958,380
22 COXWELL,18.83259911894273,4275,227
23 DAWES,15.370044052863436,3489,227
24 VICTORIA PARK,16.34734239802225,13225,809
24B VICTORIA PARK,89.0,89,1
25 DON MILLS,8.637362637362637,8646,1001
26 DUPONT,38.33884297520661,9278,242
28 BAYVIEW,237.0,237,1
28 BAYVIEW SOUTH,131.73076923076923,3425,26
29 DUFFERIN,25.75459221160911,35052,1361
29 DUFFERIN / 929 DUFF,54.0,54,1
29 DUFFERIN EXPRESS,8.0,8,1
29C DUFFERIN,426.8,2134,5
30 HIGH PARK,30.05,601,20
30 HIGH PARK NORTH,30.19047619047619,2536,84
300 BLOOR - DANFORTH,0.0,0,1
300 BLOOR DANFORTH,0.0,0,1
300 BLOOR-DANFORTH,15.021881838074398,6865,457
301,15.0,15,1
301 QUEEN NIGHT,0.0,0,1
302 KINGSTON ROAD-MCCO,65.85714285714286,1844,28
304,32.0,32,1
304 KING,137.0,137,1
305,8.0,8,1
306 COLLEGE NIGHT,14.0,14,1
307 BATHURST,23.102564102564102,1802,78
307 BATHURST NIGHT,20.0,20,1
307 BATHURST NIGHT BUS,91.0,91,1
31 GREENWOOD,25.953389830508474,6125,236
315 EVANS-BROWN'S LINE,46.0,230,5
32 (C) EGLINTON WEST,0.0,0,1
32 EGLINTON EAST,36.0,36,1
32 EGLINTON WEST,13.210807918673087,24691,1869
32 EGLINTON WEST (RAD),10.0,10,1
320 YONGE,8.208413001912046,4293,523
320 YONGE (RAD),0.0,0,1
322 COXWELL,41.285714285714285,1445,35
324 STEELES,0.0,0,1
324 VICTORIA PARK,111.94117647058823,1903,17
325 DON MILLS,43.787234042553195,2058,47
329 DUFFERIN,27.67924528301887,1467,53
32A EGLINTON WEST,14.0,14,1
32C EGLINTON WEST,17.5,35,2
33 FOREST HILL,73.9622641509434,7840,106
332 EGLINTON WEST,31.974358974358974,1247,39
334 EGLINTON EAST,37.73076923076923,2943,78
335 JANE,20.128205128205128,785,39
336 FINCH WEST,32.4375,2076,64
337 EVANS,30.0,30,1
337 ISLINGTON,33.470588235294116,569,17
339 FINCH EAST,16.023255813953487,689,43
34 EGLINTON EAST,15.768976897689768,14334,909
34 EGLINTON EAST - C B,140.0,280,2
340 JUNCTION,20.0,120,6
341 KEELE,24.42105263157895,464,19
343 KENNEDY,58.689655172413794,1702,29
34C EGLINTON EAST,196.0,196,1
35 JANE,16.509783728115345,16031,971
35 JANE (TRAINING BUS),0.0,0,1
35 JANE - B BRANCH,10.0,10,1
352 LAWRENCE WEST,26.745098039215687,1364,51
353 STEELES,22.306122448979593,1093,49
353 STEELES EAST,0.0,0,1
354 LAWRENCE EAST,56.166666666666664,2022,36
36 FINCH WEST,9.154093097913323,11406,1246
363 OSSINGTON,45.57692307692308,1185,26
365 PARLIAMENT,41.125,329,8
368,30.0,30,1
37 ISLINGTON,23.479136690647483,16318,695
37 ISLINGTON (A-BRANCH,38.0,38,1
37B ISLINGTON,325.0,325,1
38 HIGHLAND CREEK,18.25484764542936,13180,722
384 SHEPPARD WEST,22.545454545454547,248,11
385 SHEPPARD EAST,38.370370370370374,1036,27
386,26.0,78,3
386 SCARBOROUGH,90.0,180,2
39 FINCH EAST,21.24438202247191,15126,712
393,35.0,35,1
3935,12.0,12,1
395 YORK MILLS,25.583333333333332,614,24
396 WILSON,20.727272727272727,684,33
39B FINCH EAST,142.66666666666666,428,3
39C FINCH EAST,21.0,21,1
40 JUNCTION-DUNDAS WES,28.30211480362538,9368,331
41,4.0,8,2
41 KEELE,14.82089552238806,10923,737
42 CUMMER,27.661246612466126,10207,369
43 KENNEDY,18.3,14823,810
439,18.0,18,1
44 KIPLING SOUTH,12.21951219512195,6012,492
444,10.0,10,1
45 KIPLING,19.169042769857434,9412,491
46 MARTIN GROVE,21.709302325581394,5601,258
47,195.5,391,2
47 LANSDOWNE,22.36872812135356,19170,857
47 LANSDOWNE (RAD BUS),10.0,10,1
47 LANSDOWNE - A BRANC,150.0,150,1
48 RATHBURN,31.068493150684933,2268,73
49 BLOOR WEST,21.838709677419356,1354,62
50 BURNHAMTHORPE,18.491935483870968,2293,124
500,2.5,10,4
500 (512 ST CLAIR),5.0,5,1
501,5.0,20,4
501 QUEEN,11.8,118,10
501 REPLACEMENT,0.0,0,1
503,9.88888888888889,89,9
503 KINGSTON,6.0,18,3
503 KINGSTON RD,5.0,5,1
503 KINGSTON ROAD,9.636363636363637,106,11
504,7.285714285714286,153,21
504 KING,8.851851851851851,239,27
505,10.0,10,1
505 DUNDAS,6.666666666666667,20,3
506,6.75,54,8
506 CARLTON,63.25,253,4
506 RAD BUS,0.0,0,1
506 REPLACEMENT,5.0,5,1
506 SHUTTLE,5.0,10,2
506 SHUTTLE BUS,5.0,5,1
507,10.0,10,1
507 (600 RAD),0.0,0,1
508 LAKESHORE,0.0,0,1
509 HARBOURFRONT,7.125,57,8
51 LESLIE,29.505226480836235,8468,287
510,5.6,28,5
510 SPADINA,3.4,68,20
511,8.0,48,6
511 BATHURST,36.111111111111114,325,9
511 BATHURST (600),0.0,0,1
512,9.25,37,4
512 ST CLAIR,2.0,10,5
512 ST CLAIR - 600 RAD,0.0,0,1
512 ST. CLAIR,16.5,66,4
513 QUEEN EAST,10.0,10,1
52,17.5,70,4
52 LAWRENCE WEST,19.749259039715472,33317,1687
52 LAWRENCE WEST & 952,73.0,73,1
52B LAWRENCE WEST,171.0,171,1
52F LAWRENCE WEST,0.0,0,1
53 STEELES EAST,16.24467005076142,16001,985
534,9.0,9,1
54,0.0,0,1
54 LAWRENCE EAST,18.369747899159663,21860,1190
55 WARREN PARK,78.84883720930233,6781,86
555,0.0,0,17
56 LEASIDE,22.51310861423221,6011,267
57 MIDLAND,24.612179487179485,7679,312
59 MAPLE LEAF,41.06837606837607,9610,234
59 MAPLE LEAF (A-BRANC,119.0,119,1
60 STEELES WEST,10.873983739837398,5350,492
600,1.5472636815920398,311,201
600 (42 CUMMER),0.0,0,1
600 (RAD),0.0,0,2
600 - ARROW DIVISION,0.0,0,1
600 - QUEENSWAY GARAGE,23.0,23,1
600 - RAD,0.0,0,1
600 - RUNNING AS 506,0.0,0,1
600 CONSTRUCTION,0.0,0,1
600 CONSTRUCTION XTRA,0.0,0,1
600 LINE SHUTTLE,0.0,0,1
600 RAD,0.7628865979381443,74,97
600 RAD (41 ROUTE),0.0,0,1
600 RAD (LINE 1 SHUTTL,2.0,2,1
600 RAD - 116 BUS,0.0,0,1
600 RAD - LINE 1 SHUTT,0.0,0,2
600 RAD - OPERATING AS,1.0,1,1
600 RAD - OPERATING ON,0.0,0,1
600 RAD BUS,0.0,0,8
600 RAD LINE 1,0.0,0,1
600 RAD LINE 1 SHUTTLE,1.0,1,1
600 RAD ON 67 PHARMACY,0.0,0,1
600 RAD'S,0.0,0,1
600 SERIES,1.0,5,5
600 SERIES (84 SHEPPAR,0.0,0,1
600 SERIES (96 WILSON),0.0,0,1
600 SERIES (SHUTTLE),0.0,0,1
600 SHUTTLE,0.0,0,1
600 SHUTTLE LINE 1,0.0,0,1
600-RAD,0.0,0,2
600/ 84A SHEPPARD,0.0,0,1
600/ 85,0.0,0,1
600/ LINE 2 SHUTTLE,2.0,2,1
600/42,1.0,1,1
600RAD,0.0,0,7
601RAD,0.0,0,1
61 AVENUE ROAD NORTH,20.29054054054054,3003,148
61 AVENUE ROAD NORTH (,0.0,0,1
62 MORTIMER,31.040201005025125,6177,199
63,31.0,124,4
63 OSSINGTON,19.636199095022626,21698,1105
64,121.0,121,1
64 MAIN,35.95503597122302,19991,556
65 PARLIAMENT,16.81150159744409,5262,313
66 PRINCE EDWARD,26.74074074074074,4332,162
67 PHARMACY,20.872659176029963,5573,267
68 WARDEN,25.497363796133566,14508,569
69,18.0,18,1
69 WARDEN SOUTH,24.82919254658385,7995,322
7 BATHURST,12.726618705035971,15921,1251
7 BATHURST (RAD),0.0,0,1
70 O'CONNOR,17.867469879518072,4449,249
705,5.0,5,1
71 RUNNYMEDE,33.11353711790393,7583,229
7107,10.0,10,1
72 PAPE,16.10169491525424,10450,649
73 ROYAL YORK,29.660574412532636,11360,383
74 MOUNT PLEASANT,46.962025316455694,3710,79
74 MT. PLEASANT,28.03448275862069,813,29
75 SHERBOURNE,28.465827338129497,15827,556
76,0.0,0,1
76 ROYAL YORK SOUTH,20.415807560137456,5941,291
76 ROYAL YORK SOUTH (B,0.0,0,1
77 SWANSEA,84.6875,9485,112
77 SWANSEA (1 BUS ROUT,27.0,27,1
77 SWANSEA (LINE 2 SHU,15.0,15,1
78 ST. ANDREWS,23.20805369127517,3458,149
79 SCARLETT ROAD,21.897435897435898,6832,312
7935,0.0,0,1
79A SCARLETT ROAD,30.0,30,1
79B SCARLETT ROAD,24.0,24,1
8 BROADVIEW,28.193693693693692,6259,222
80 QUEENSWAY,30.232323232323232,8979,297
80 QUEENSWAY (RAD),0.0,0,1
806,10.0,10,1
806 - LINE 6 SHUTTLE,10.0,10,1
806 LINE 6 SHUTTLE,10.0,10,1
82 ROSEDALE,97.80701754385964,5575,57
825,15.0,15,1
827,13.0,13,1
83 JONES,19.496503496503497,2788,143
831 STREETCAR WAY,0.0,0,1
84 SHEPPARD,0.0,0,1
84 SHEPPARD WEST,15.829931972789115,11635,735
84 SHEPPARD WEST 984,57.0,57,1
85 SHEPPARD EAST,15.813773035887488,16304,1031
85 SHEPPARD EAST - A B,387.0,387,1
85 SHEPPARD EAST / 985,18.0,18,1
86,6.0,12,2
86 SCARBOROUGH,19.720881427072403,18794,953
87 COSBURN,56.71875,7260,128
88 SHOUTH LEASIDE,10.0,10,1
88 SOUTH LEASIDE,45.640926640926644,11821,259
89,10.0,20,2
89 WESTON,12.5049365303244,8866,709
89/ / 989 WESTON,193.0,193,1
899,0.0,0,13
899 OTC,0.0,0,1
899 TRAINING BUS,0.0,0,2
899 TRAINING ROUTE,0.0,0,1
9 BELLAMY,25.928030303030305,6845,264
9*7,0.0,0,1
90 VAUGHAN,14.390977443609023,3828,266
900,0.0,0,3
900 AIRPORT EXPRESS,9.609929078014185,2710,282
900 AIRPORT ROCKET,11.96938775510204,1173,98
902 MARKHAM RD EXPRESS,19.27823691460055,6998,363
9020,12.0,12,1
903 KENNEDY SCARBOROUG,17.657754010695186,9906,561
904 SHEPPARD-KENNEDY E,15.954225352112676,9062,568
905 EGLINTON EAST EXPR,21.041666666666668,7070,336
906,15.0,30,2
906 AIRPORT - HUMBER C,15.0,15,1
906 AIRPORT HUMBER EXP,15.0,15,1
906 AIRPORT-HUMBER COL,14.1,141,10
9060,0.0,0,1
91 WOODBINE,22.34426229508197,5452,244
9129,5.0,5,1
913 PROGRESS EXPRESS,0.0,0,1
92 WOODBINE SOUTH,21.35542168674699,3545,166
924 VICTORIA PARK EXPR,12.832699619771864,3375,263
925,0.0,0,2
925 DON MILLS EXPRESS,10.954545454545455,6507,594
9252,12.0,12,1
927 HIGHWAY 27 EXPRESS,16.71941272430669,10249,613
927D HIGHWAY 27 EXPRE,48.0,48,1
929,10.0,10,1
929 DUFFERIN,22.5,45,2
929 DUFFERIN EXPRESS,12.595771144278608,10127,804
929 DUFFERIN EXPRESS (,10.0,10,1
929 DUFFERIN EXPRESS -,8.0,8,1
93 PARKVIEW HILLS,25.979166666666668,1247,48
935,7.0,7,1
935 JANE EXPRESS,12.463133640552995,5409,434
937 ISLINGTON EXPRESS,14.627272727272727,1609,110
938 HIGHLAND CREEK EXP,65.33333333333333,784,12
939 FINCH EAST,10.0,10,1
939 FINCH EXPRESS,16.243718592964825,19395,1194
939 FINCH EXPRESS (B),0.0,0,1
939B FINCH EXPRESS,67.5,135,2
94 WELLESLEY,31.168582375478927,16270,522
94 WELLESLEY - STATION,7.0,7,1
941 KEELE EXPRESS,15.340579710144928,2117,138
944 KIPLING SOUTH EXPR,10.35593220338983,611,59
945 KIPLING,6.0,6,1
945 KIPLING EXPRESS,12.927184466019417,2663,206
9484,10.0,10,1
94A WELLESLEY,25.0,25,1
95 YORK MILLS,13.50965250965251,13996,1036
95 YORK MILLS/995 YORK,196.0,196,1
952 LAWRENCE WEST EXPR,11.856521739130434,2727,230
953 STEELES EAST EXPRE,27.26865671641791,1827,67
953 STEELES EXPRESS,13.0,13,1
9535,15.0,15,1
954 LAWRENCE EAST EXPR,22.71186440677966,2680,118
956,5.0,10,2
9584,0.0,0,1
96,16.0,16,1
96 WILSON,19.034782608695654,19701,1035
96 WILSON (OTC),0.0,0,1
960,24.5,49,2
960 STEELES WEST EXPRE,10.747800586510264,7330,682
968 WARDEN EXPRESS,20.73913043478261,1908,92
968 WARDEN EXPRESS (RA,0.0,0,1
97,124.0,124,1
97 YONGE,45.68316831683168,32298,707
97 YONGE (C BRANCH),265.0,265,1
97B YONGE,25.0,25,1
97C YONGE,0.0,0,3
98 WILLOWDALE-SENLAC,26.071005917159763,4406,169
984 SHEPPARD WEST EXPR,15.594444444444445,2807,180
985 SHEPPARD EAST EXPR,13.157068062827225,2513,191
986 SCARBOROUGH EXPRES,9.987951807228916,1658,166
989 WESTON,15.0,15,1
989 WESTON EXPRESS,22.334883720930232,4802,215
99,88.0,88,1
99 ARROW ROAD,22.322033898305083,1317,59
995 YORK MILLS EXPRESS,12.529691211401426,5275,421
996 WILSON EXPRESS,13.165341812400635,8281,629
9984,10.0,20,2
9985,12.0,12,1
999,1.0028409090909092,353,352
999 (100 FLEMINGDON),0.0,0,1
999 (165 WESTON ROAD),0.0,0,1
999 (33 FOREST HILL),15.0,15,1
999 (600 RAD),0.0,0,1
999 (7 BATHURST),0.0,0,1
999 - RAD,0.0,0,1
999 - SHUTTLE,0.0,0,1
999 RAD,1.25,5,4
A,0.0,0,5
A150,0.0,0,1
A304,0.0,0,1
A356,0.0,0,1
A421,0.0,0,1
A433,0.0,0,1
A521,0.0,0,1
BD,5.454545454545454,60,11
CHARTERED BUS,0.0,0,1
CNE SHUTTLES,0.0,0,1
CONSTRUCTION BUS,0.0,0,1
EMERGENCY SHUTTLE,0.0,0,1
FLEET,0.0,0,4
FLEET 079,0.0,0,1
FLEET 898,0.0,0,1
FLEET A,0.0,0,1
FLEET A398,0.0,0,1
FLEET VEHICLE,0.0,0,1
HARVEY SHOP REPAIR PER,0.0,0,1
LINE 1,0.0,0,1
LINE 1 - SHUTTLE,0.0,0,1
LINE 1 SHUTTLE,5.260869565217392,242,46
LINE 1 SHUTTLE (600 RA,0.0,0,1
LINE 1 SHUTTLE (RAD),0.0,0,1
LINE 1 SHUTTLE BUS,0.0,0,3
LINE 2,7.666666666666667,23,3
LINE 2 SHUTLE,0.0,0,1
LINE 2 SHUTLLE,2.0,2,1
LINE 2 SHUTTLE,11.966666666666667,359,30
LINE 2 SHUTTLE (RAD BU,2.0,2,1
LINE 2 SHUTTLE - 600 R,0.0,0,1
LINE 2 SHUTTLE BUS,1.75,14,8
LINE 6 SHUTTLE BUS,10.0,10,1
MT DENNIS TEST BUS,0.0,0,1
NIGHT TRADES,0.0,0,1
OTC,0.0,0,5
OTC BUS,0.0,0,3
OTC TRAINING BUS,0.0,0,3
R5 - DODGE RAM FLEET V,0.0,0,1
RAD,10.181818181818182,224,22
RAD (600),0.0,0,1
RAD 600,1.25,5,4
RAD 63,0.0,0,1
RAD 72 PAPE,0.0,0,1
RAD 999,0.0,0,1
RAD BUS,0.0,0,2
REVENUE DEPARTMENT,0.0,0,1
REVENUE TRUCK 85,0.0,0,1
SHP,0.0,0,2
SHUTTLE BUS,2.409090909090909,53,22
SHUTTLE BUS - LINE 1,0.0,0,1
SHUTTLE LINE 1,0.0,0,2
SRT,0.0,0,20
TBM,0.0,0,2
TRAINING BUS,0.7692307692307693,10,13
UNKNOWN,2.045673076923077,1702,832
VISION ISSUES,0.0,0,1
YU,0.5882352941176471,10,17
